Agegroup,Gender,Event,Time,Name,Date
6U,F,25 Free,18.99,Finley Lewis,2024-11-08
6U,F,50 Free,46.84,Finley Lewis,2025-02-07
6U,F,100 Free,104.92,Finley Lewis,2025-02-07
6U,F,25 Back,26.31,Finley Lewis,2025-02-07
6U,F,50 Back,62.41,Finley Lewis,2024-11-08
6U,F,25 Breast,33.38,Finley Lewis,2024-12-14
6U,F,50 Breast,68.09,Finley Lewis,2025-02-07
6U,F,25 Fly,21.32,Finley Lewis,2025-02-07
6U,F,100 IM,118.72,Finley Lewis,2025-02-07
6U,M,25 Free,17.68,Max Alred,2023-12-09
6U,M,50 Free,42.32,Max Alred,2023-11-04
6U,M,100 Free,93.6,Max Alred,2023-11-04
6U,M,25 Back,23.12,Max Alred,2023-12-09
6U,M,50 Back,51.98,Max Alred,2023-11-04
6U,M,25 Fly,21.17,Max Alred,2023-11-04
6U,M,50 Fly,53.94,Max Alred,2023-11-04
6U,M,100 IM,108.82,Max Alred,2023-10-14
8U,F,25 Free,16.19,Tessa Kate Watkins,2023-01-07
8U,F,50 Free,35.17,Finley T Lewis,2026-10-03
8U,F,100 Free,81.8,Finley T Lewis,2026-10-03
8U,F,200 Free,195.89,Finley Lewis,2026-01-30
8U,F,25 Back,19.97,Tessa Kate Watkins,2022-11-13
8U,F,50 Back,42.55,Finley T Lewis,2026-10-03
8U,F,100 Back,92.97,Finley T Lewis,2026-10-03
8U,F,25 Breast,22.29,Kendall Overby,2025-12-13
8U,F,50 Breast,49.71,Reagan Conley,2018-11-09
8U,F,100 Breast,119.84,Finley T Lewis,2026-10-03
8U,F,25 Fly,18.25,Tessa Kate Watkins,2023-01-28
8U,F,50 Fly,46.11,Finley Lewis,2025-11-07
8U,F,100 Fly,106.9,Finley T Lewis,2026-10-03
8U,F,100 IM,95.68,Finley T Lewis,2026-10-03
8U,F,200 IM,226.81,Finley Lewis,2025-11-07
8U,M,25 Free,15.96,John Dollar,2025-12-13
8U,M,50 Free,35.36,Maxwell Alred,2025-11-07
8U,M,100 Free,78.17,Maxwell Alred,2025-02-07
8U,M,200 Free,168.58,Maxwell Alred,2025-12-05
8U,M,500 Free,445.95,Maxwell Alred,2025-11-07
8U,M,25 Back,19.11,Samuel Willoughby,2019-11-08
8U,M,50 Back,43.74,Jace Duncan,2023-02-05
8U,M,100 Back,96.9,Maxwell Alred,2025-12-05
8U,M,25 Breast,20.81,Maxwell Alred,2025-12-13
8U,M,50 Breast,46.12,Maxwell Alred,2025-10-17
8U,M,100 Breast,96.75,Maxwell Alred,2025-12-05
8U,M,25 Fly,17.23,Nate Lewis,2024-11-08
8U,M,50 Fly,38.9,Maxwell Alred,2025-12-05
8U,M,100 Fly,91.5,Maxwell Alred,2025-12-05
8U,M,100 IM,88.87,Maxwell Alred,2025-10-17
8U,M,200 IM,192.82,Maxwell Alred,2025-10-17
9-10,F,25 Free,15.92,Tessa K Watkins,2024-09-28
9-10,F,50 Free,30.88,Tessa K Watkins,2025-01-17
9-10,F,100 Free,73.45,Flora Yates,2024-11-08
9-10,F,200 Free,173.12,Flora Yates,2024-09-28
9-10,F,25 Back,17.03,Brooklyn Williams,2019-01-25
9-10,F,50 Back,35.81,Tessa Watkins,2025-02-21
9-10,F,100 Back,81.51,Tessa K Watkins,2025-01-17
9-10,F,200 Back,178.1,Peri L Davis,2026-10-03
9-10,F,25 Breast,23.42,Karli Gray,2019-01-25
9-10,F,50 Breast,42.53,Alexus Ashley,2016-10-10
9-10,F,100 Breast,103.87,Peri L Davis,2026-10-03
9-10,F,25 Fly,17.11,Layla Jung,2019-01-25
9-10,F,50 Fly,33.77,Alexus Ashley,2016-10-10
9-10,F,100 Fly,83.16,KG Willoughby,2018-02-23
9-10,F,100 IM,80.86,Alexus Ashley,2016-10-10
9-10,F,200 IM,192.72,Yhana B Maxilom,2026-10-03
9-10,M,25 Free,15.31,Jace Duncan,2024-09-28
9-10,M,50 Free,30.53,Jace Duncan,2025-02-21
9-10,M,100 Free,68.83,Jace Duncan,2025-02-21
9-10,M,200 Free,148.69,Jace Duncan,2025-02-21
9-10,M,500 Free,412.89,Matthew W Alred,2024-11-08
9-10,M,25 Back,25.63,Jacob Franklin,2021-10-22
9-10,M,50 Back,36.09,Jace Duncan,2025-02-21
9-10,M,100 Back,77.24,Jace Duncan,2025-02-07
9-10,M,25 Breast,21.93,Nathaniel Lewis,2025-09-20
9-10,M,50 Breast,42.28,Matthew W Alred,2024-12-06
9-10,M,100 Breast,90.67,Matthew W Alred,2024-12-06
9-10,M,25 Fly,17.07,Colt Yates,2021-10-22
9-10,M,50 Fly,33.35,Jace Duncan,2025-02-07
9-10,M,100 Fly,81.75,Jace Duncan,2025-04-26
9-10,M,100 IM,79.8,Matthew W Alred,2024-12-06
9-10,M,200 IM,169.73,Matthew W Alred,2024-11-08
11-12,F,25 Free,13.89,Kara Yates,2022-10-15
11-12,F,50 Free,29.62,Gray Gilbreath,2022-10-15
11-12,F,100 Free,66.88,Gray Gilbreath,2022-03-26
11-12,F,200 Free,148.5,Tessa Cook,2025-11-07
11-12,F,500 Free,397.45,Tessa Cook,2025-12-05
11-12,F,1000 Free,838.87,Tessa Cook,2025-11-07
11-12,F,25 Back,20.92,Scout Casey,2025-09-20
11-12,F,50 Back,34.11,Tessa Cook,2026-02-06
11-12,F,100 Back,75.76,Tessa Cook,2025-12-05
11-12,F,200 Back,164.42,Tessa T Cook,2026-10-03
11-12,F,25 Breast,19.35,Scout Casey,2025-09-20
11-12,F,50 Breast,40.28,Kara Yates,2022-10-15
11-12,F,100 Breast,92.51,Coraline A Lang,2024-12-06
11-12,F,25 Fly,19.33,Gracie Martin,2025-09-20
11-12,F,50 Fly,32.21,Aubrey Lang,2023-01-28
11-12,F,100 Fly,77.77,Aubrey Lang,2022-10-15
11-12,F,100 IM,75.07,Aubrey Lang,2022-10-15
11-12,F,200 IM,165.36,Aubrey Lang,2022-07-30
11-12,F,400 IM,361.97,Aubrey Lang,2022-07-30
11-12,M,25 Free,13.58,Cole Everett,2022-07-30
11-12,M,50 Free,26.57,Brody Franklin,2023-02-05
11-12,M,100 Free,58.51,Jacob P Franklin,2025-02-07
11-12,M,200 Free,128.77,Jacob P Franklin,2025-01-17
11-12,M,500 Free,354.78,Jacob P Franklin,2025-02-07
11-12,M,1000 Free,772.79,Matthew W Alred,2025-11-07
11-12,M,1650 Free,1385.99,Matthew W Alred,2025-01-17
11-12,M,50 Back,30.0,Gage Martin,2025-02-07
11-12,M,100 Back,65.56,Jace C Duncan,2026-10-03
11-12,M,200 Back,171.39,Will Weathers,2021-10-22
11-12,M,50 Breast,33.29,Jacob P Franklin,2025-02-07
11-12,M,100 Breast,75.85,Brody Franklin,2023-02-05
11-12,M,200 Breast,180.62,Matthew W Alred,2025-10-17
11-12,M,25 Fly,14.14,Jace Duncan,2025-10-17
11-12,M,50 Fly,28.09,Jace C Duncan,2026-10-03
11-12,M,100 Fly,63.96,Jace C Duncan,2026-10-03
11-12,M,100 IM,67.27,Jacob P Franklin,2025-02-07
11-12,M,200 IM,151.4,Michael W Alred,2024-12-06
11-12,M,400 IM,317.54,Michael W Alred,2024-11-08
13-14,F,25 Free,12.58,Anderly Shumate,2024-09-28
13-14,F,50 Free,26.69,Graylyn G Gilbreath,2025-01-17
13-14,F,100 Free,58.57,Mkayla Still,2018-11-09
13-14,F,200 Free,131.69,Bella Hays,2025-02-07
13-14,F,500 Free,380.19,Aubrey Lang,2024-12-06
13-14,F,1000 Free,799.89,Aubrey Lang,2024-11-08
13-14,F,1650 Free,1355.59,Aubrey Lang,2025-01-17
13-14,F,50 Back,32.49,Graylyn G Gilbreath,2025-04-26
13-14,F,100 Back,68.99,Aubrey Lang,2024-11-08
13-14,F,200 Back,156.53,Aubrey Lang,2024-12-06
13-14,F,50 Breast,33.92,Anderly Shumate,2023-02-05
13-14,F,100 Breast,79.81,Anderly Shumate,2022-07-30
13-14,F,200 Breast,177.43,Aubrey Lang,2025-01-17
13-14,F,50 Fly,31.55,Anderly Shumate,2023-02-05
13-14,F,100 Fly,68.94,Aubrey Lang,2025-02-07
13-14,F,200 Fly,155.17,Aubrey Lang,2024-12-06
13-14,F,100 IM,73.78,Anderly Shumate,2021-10-22
13-14,F,200 IM,151.32,Mkayla Still,2018-11-09
13-14,F,400 IM,336.53,Aubrey Lang,2024-11-08
13-14,M,25 Free,11.12,Hayden Williams,2024-09-28
13-14,M,50 Free,23.92,Brody K Franklin,2025-02-07
13-14,M,100 Free,52.17,Brody K Franklin,2025-02-07
13-14,M,200 Free,117.09,Brody K Franklin,2025-02-07
13-14,M,500 Free,336.29,Brody K Franklin,2025-02-07
13-14,M,1000 Free,694.9,Michael W Alred,2026-01-30
13-14,M,1650 Free,1255.17,Andrew Watts,2024-02-02
13-14,M,25 Back,14.37,Brody Franklin,2023-11-04
13-14,M,50 Back,27.42,Gage Martin,2026-10-03
13-14,M,100 Back,60.28,Hayden Williams,2023-02-24
13-14,M,200 Back,132.61,Hayden Williams,2023-02-24
13-14,M,50 Breast,31.79,Jacob P Franklin,2026-02-06
13-14,M,100 Breast,63.53,Brody K Franklin,2025-02-07
13-14,M,200 Breast,154.44,Jacob P Franklin,2026-02-06
13-14,M,50 Fly,27.66,Gage Martin,2026-10-03
13-14,M,100 Fly,58.69,Michael W Alred,2026-10-03
13-14,M,200 Fly,140.37,Michael W Alred,2025-12-05
13-14,M,100 IM,61.48,Gage Martin,2026-10-03
13-14,M,200 IM,137.96,Michael W Alred,2026-02-06
13-14,M,400 IM,283.89,Michael W Alred,2026-10-03
Senior,F,25 Free,12.51,Liza Kate Edwards,2022-07-29
Senior,F,50 Free,25.73,Bailee Parks,2019-01-25
Senior,F,100 Free,58.27,Mkayla Still,2019-01-25
Senior,F,200 Free,134.03,Bailee Parks,2023-01-28
Senior,F,500 Free,370.38,Liza Kate Edwards,2023-02-04
Senior,F,1000 Free,793.17,Aubrey Lang,2025-11-07
Senior,F,1650 Free,1398.97,Aubrey Lang,2026-01-16
Senior,F,50 Back,32.7,Anderly Shumate,2026-02-06
Senior,F,100 Back,67.19,Aubrey Lang,2025-10-17
Senior,F,200 Back,154.33,Aubrey Lang,2025-12-05
Senior,F,25 Breast,16.4,Anderly Shumate,2023-11-04
Senior,F,50 Breast,33.0,Anderly Shumate,2026-02-06
Senior,F,100 Breast,72.95,Anderly Shumate,2026-02-06
Senior,F,200 Breast,165.77,Liza Kate Edwards,2022-11-13
Senior,F,25 Fly,15.71,Anderly Shumate,2023-11-04
Senior,F,50 Fly,28.93,Aubrey Lang,2026-02-06
Senior,F,100 Fly,67.99,Aubrey Lang,2026-02-06
Senior,F,200 Fly,162.6,Aubrey Lang,2025-12-05
Senior,F,100 IM,67.56,Mkayla Still,2019-01-25
Senior,F,200 IM,153.45,Aubrey Lang,2025-10-17
Senior,F,400 IM,333.23,Aubrey Lang,2025-12-05
Senior,M,25 Free,10.71,Hayden Williams,2022-03-26
Senior,M,50 Free,22.46,Peyton Troxtel,2025-02-21
Senior,M,100 Free,50.07,Peyton Troxtel,2025-01-17
Senior,M,200 Free,111.79,Wilson Lemke,2025-02-07
Senior,M,500 Free,331.36,Wilson Lemke,2022-10-15
Senior,M,1650 Free,1247.73,Wilson Lemke,2023-01-28
Senior,M,50 Back,25.74,Peyton Troxtel,2025-02-21
Senior,M,100 Back,57.42,Peyton Troxtel,2025-02-07
Senior,M,200 Back,141.94,William Weathers,2025-12-05
Senior,M,50 Breast,26.74,Colby Franklin,2023-02-24
Senior,M,100 Breast,58.2,Colby Franklin,2023-02-05
Senior,M,200 Breast,134.62,Colby R Franklin,2023-02-24
Senior,M,50 Fly,23.54,Jack Whitmire,2023-02-24
Senior,M,100 Fly,51.65,Jack Whitmire,2023-02-17
Senior,M,200 Fly,139.36,Jack Whitmire,2023-01-28
Senior,M,100 IM,60.84,Colby Franklin,2022-03-26
Senior,M,200 IM,129.18,Colby Franklin,2023-02-17
Senior,M,400 IM,302.65,Wilson Lemke,2023-01-28
